episode,reward,avg_reward_10,loss,epsilon,steps,method,per_beta
1,-206.09023294087837,-206.09023294087837,0.4036814129778317,0.995,98,proposed,0.40021
2,-116.88139541151774,-161.48581417619806,2.760260067518475,0.990025,103,proposed,0.400828
3,-122.59765927499727,-148.5230958757978,2.156026154756546,0.985074875,66,proposed,0.401224
4,-179.08483056261753,-156.16352954750272,0.8431751441280797,0.9801495006250001,106,proposed,0.40186
5,-312.94143620651437,-187.51911087930506,1.160420589686669,0.9752487531218751,97,proposed,0.402442
6,-210.05895337412318,-191.27575129510808,1.709319217581498,0.9703725093562657,95,proposed,0.40301200000000004
7,-144.6767979495674,-184.61875796003082,1.7392055292924244,0.9655206468094844,138,proposed,0.40384000000000003
8,-184.62967451966585,-184.62012252998522,1.144855365927877,0.960693043575437,116,proposed,0.404536
9,-361.9301094865581,-204.32123219182665,1.0076205840941226,0.9558895783575597,89,proposed,0.40507000000000004
10,-79.50811365537773,-191.83992033818177,0.9674298305120042,0.9511101304657719,67,proposed,0.405472
11,-197.50512421882496,-190.98140946597638,1.5674955057441642,0.946354579813443,109,proposed,0.40612600000000004
12,-91.72356623721794,-188.46562654854642,1.74980532626311,0.9416228069143757,78,proposed,0.406594
13,-84.66306372472486,-184.6721669935192,1.8977281326129112,0.9369146928798039,81,proposed,0.40708
14,-119.24477942777213,-178.68816188003464,1.7432075726088656,0.9322301194154049,93,proposed,0.407638
15,-228.42040774778843,-170.23605903416205,1.7241165552820479,0.9275689688183278,84,proposed,0.408142
16,-31.286395880071865,-152.35880328475693,1.616402200973817,0.9229311239742362,137,proposed,0.408964
17,-249.26555919047715,-162.81767940884794,1.5720241881730987,0.918316468354365,127,proposed,0.40972600000000003
18,-188.61552673682388,-163.21626463056373,1.7167229832604873,0.9137248860125932,86,proposed,0.410242
19,-165.666949288383,-143.5899486107462,1.8886346723659928,0.9091562615825302,83,proposed,0.41074
20,-64.13580558223026,-142.05271780343142,1.7085011580752,0.9046104802746175,144,proposed,0.411604
21,-122.03696189605061,-134.505901571154,2.072461462356675,0.9000874278732445,71,proposed,0.41203
22,-135.98998731200106,-138.93254367863233,1.823693147365083,0.8955869907338783,94,proposed,0.412594
23,-89.52333685458346,-139.4185709916182,1.8406542205229037,0.8911090557802088,82,proposed,0.413086
24,-91.16956838677064,-136.61104988751802,1.6935762462385915,0.8866535105013078,114,proposed,0.41377
25,-151.60498171540704,-128.92950728427988,1.5558392682245799,0.8822202429488013,140,proposed,0.41461000000000003
26,-54.31388010055416,-131.23225570632812,1.7391895773047108,0.8778091417340573,118,proposed,0.415318
27,-134.77425953761264,-119.78312574104166,1.4595172525545872,0.8734200960253871,109,proposed,0.415972
28,-116.47584894298416,-112.5691579616577,1.4283000536262989,0.8690529955452602,80,proposed,0.41645200000000004
29,-100.26533893149424,-106.02899692596881,1.4020937056426543,0.8647077305675338,83,proposed,0.41695000000000004
30,-134.43669198091033,-113.05908556583684,1.3576904255896807,0.8603841919146962,64,proposed,0.41733400000000004
31,-237.7664985930581,-124.63203923553756,1.8209650216588549,0.8560822709551227,157,proposed,0.41827600000000004
32,-117.99895613352112,-122.83293611768958,1.6898645576784166,0.851801859600347,59,proposed,0.41863
33,-244.25964293948533,-138.30656672617974,1.7762614034471058,0.8475428503023453,105,proposed,0.41926
34,-57.78674071649567,-134.96828395915225,1.6562480559715858,0.8433051360508336,91,proposed,0.419806
35,-201.70112495383927,-139.9778982829955,1.6172142699986947,0.8390886103705794,119,proposed,0.42052
36,-95.84321005043623,-144.1308312779837,1.4645523160969445,0.8348931673187264,109,proposed,0.42117400000000005
37,-50.25300796046494,-135.67870612026894,1.6356218267570843,0.8307187014821328,99,proposed,0.42176800000000003
38,14.71569925553655,-122.55955130041687,1.5987713001668453,0.8265651079747222,80,proposed,0.422248
39,-257.2149810204413,-138.25451550931157,2.0395239202872566,0.8224322824348486,115,proposed,0.42293800000000004
40,-282.3077379599199,-153.0416201072125,1.861377441825775,0.8183201210226743,104,proposed,0.423562
41,-131.6815658445946,-142.4331268323662,1.827848846497743,0.8142285204175609,92,proposed,0.424114
42,-100.28374081855883,-140.66160530086992,1.5542248775561651,0.810157377815473,120,proposed,0.42483400000000004
43,-104.69072481663972,-126.70471348858538,1.476536081305572,0.8061065909263957,112,proposed,0.425506
44,-258.3292287198092,-146.75896228891673,1.5739890866190474,0.8020760579717637,107,proposed,0.426148
45,-67.28753870853787,-133.31760366438658,1.4585823848843575,0.798065677681905,100,proposed,0.426748
46,-43.73279498242168,-128.10656215758513,1.5251049791296867,0.7940753492934954,73,proposed,0.427186
47,-88.4233094504746,-131.9235923065861,1.5566460214635378,0.7901049725470279,93,proposed,0.427744
48,-112.1753731146826,-144.61269954360802,1.5242971485794181,0.7861544476842928,101,proposed,0.42835
49,-107.95367921320327,-129.68656936288423,1.4644574283183307,0.7822236754458713,87,proposed,0.42887200000000003
50,-63.93512762336015,-107.84930832922824,1.4637308781727767,0.778312557068642,78,proposed,0.42934
51,-80.1999730939909,-102.70114905416786,1.4545188872710517,0.7744209942832988,115,proposed,0.43003
52,-77.92876712697706,-100.4656516850097,1.3629230150621232,0.7705488893118823,146,proposed,0.430906
53,-48.867140214542296,-94.88329322479996,1.1968818608221117,0.7666961448653229,91,proposed,0.431452
54,-30.619893908020856,-72.11235974362111,1.0565712076319744,0.7628626641409962,169,proposed,0.432466
55,-120.95748498180426,-77.47935437094776,1.0805198660516364,0.7590483508202912,127,proposed,0.433228
56,-133.43921327432275,-86.44999620013786,1.1044368059425564,0.7552531090661897,91,proposed,0.433774
57,-113.1973208024418,-88.92739733533459,1.0615485878551707,0.7514768435208588,85,proposed,0.434284
58,-112.47243313804945,-88.95710333767128,1.0416482101086857,0.7477194593032545,147,proposed,0.43516600000000005
59,-67.46082187802392,-84.90781760415335,1.081706021658399,0.7439808620067382,88,proposed,0.435694
60,-67.64505098624063,-85.2788099404414,1.0796805451122613,0.7402609576967045,104,proposed,0.43631800000000004
61,-13.260042287575104,-78.58481685979982,1.095269148809868,0.736559652908221,171,proposed,0.437344
62,-93.03861302418,-80.09580144952011,0.9690190890142995,0.7328768546436799,93,proposed,0.437902
63,-66.57977710272766,-81.86706513833863,1.0856112431759801,0.7292124703704616,149,proposed,0.438796
64,-78.1946031157858,-86.62453605911514,1.005536919613497,0.7255664080186093,109,proposed,0.43945
65,-102.88293326574991,-84.8170808875097,0.9053226679160788,0.7219385759785162,74,proposed,0.439894
66,-130.43471383751705,-84.51663094382913,0.9120220041541911,0.7183288830986236,134,proposed,0.44069800000000003
67,-96.8810548351887,-82.88500434710383,1.0925475076834361,0.7147372386831305,75,proposed,0.44114800000000004
68,-86.29455264569006,-80.26721629786788,0.967900293696787,0.7111635524897149,97,proposed,0.44173
69,-11.014117313039094,-74.6225458413694,0.9344557670296215,0.7076077347272662,122,proposed,0.442462
70,-115.29745431012647,-79.38778617375797,0.9956301448020068,0.7040696960536299,110,proposed,0.443122
71,-89.09863965168444,-86.97164591016892,0.9751776784858448,0.7005493475733617,149,proposed,0.444016
72,-99.603296761556,-87.62811428390651,0.9295837734196637,0.697046600835495,148,proposed,0.444904
73,-44.63948668678243,-85.43408524231201,0.8928270894515363,0.6935613678313175,79,proposed,0.44537800000000005
74,-64.03420205996213,-84.01804513672963,0.9359824348170802,0.6900935609921609,106,proposed,0.446014
75,-178.77664625879146,-91.60741643603379,0.8463241709481686,0.6866430931872001,109,proposed,0.446668
76,-115.08144238012584,-90.07208929029467,0.9751621223283264,0.6832098777212641,106,proposed,0.44730400000000003
77,-78.04626555485692,-88.18861036226149,0.937038983880859,0.6797938283326578,97,proposed,0.447886
78,-32.97748416969682,-82.85690351466215,0.8290846643703325,0.6763948591909945,70,proposed,0.44830600000000004
79,-97.7086337687261,-91.52635516023085,0.8543119945930778,0.6730128848950395,109,proposed,0.44896
80,-82.49880600092294,-88.24649032931052,0.9726384767094014,0.6696478204705644,161,proposed,0.44992600000000005
81,-73.83466760582155,-86.72009312472423,1.0250057791076277,0.6662995813682115,184,proposed,0.45103000000000004
82,-26.084892082362146,-79.36825265680484,0.9317385197275936,0.6629680834613705,101,proposed,0.45163600000000004
83,-152.28662846945338,-90.13296683507193,0.9526481834030891,0.6596532430440636,129,proposed,0.45241000000000003
84,-77.36340324345232,-91.46588695342095,0.9951918463815342,0.6563549768288433,66,proposed,0.45280600000000004
85,-81.20792617931656,-81.70901494547347,0.9321045044809579,0.653073201944699,80,proposed,0.453286
86,-127.69640601249927,-82.9705113087108,0.9481920416538532,0.6498078359349755,91,proposed,0.453832
87,-112.997607795758,-86.46564553280089,0.9344158099095027,0.6465587967553006,150,proposed,0.454732
88,-33.53072466059419,-86.52096958189064,0.8559436655125102,0.6433260027715241,148,proposed,0.45562
89,-29.45661535825252,-79.6957677408433,0.8498807661235332,0.6401093727576664,168,proposed,0.45662800000000003
90,-52.68055046449578,-76.71394218720057,0.8799741098941383,0.6369088258938781,118,proposed,0.457336
91,-91.45401290439895,-78.47587671705831,0.9942268787061467,0.6337242817644086,85,proposed,0.45784600000000003
92,-93.06914932163436,-85.17430244098553,0.9668663816733493,0.6305556603555866,144,proposed,0.45871
93,-36.2096312167975,-73.56660271571994,0.8784307411738804,0.6274028820538087,154,proposed,0.45963400000000004
94,-121.95423081735856,-78.02568547311057,0.8934234380032178,0.6242658676435396,216,proposed,0.46093
95,-81.64916659018678,-78.06980951419757,0.7613841705024242,0.6211445383053219,80,proposed,0.46141
96,-50.65018518610269,-70.36518743155793,0.8117606961621647,0.6180388156137953,113,proposed,0.462088
97,-113.04379098695745,-70.36980575067788,0.774689949883355,0.6149486215357263,180,proposed,0.463168
98,-103.20523130652839,-77.3372564152713,0.8151265264718563,0.6118738784280476,154,proposed,0.464092
99,-153.24059765269345,-89.71565464471539,0.8230286225576529,0.6088145090359074,149,proposed,0.464986
100,-40.39453508712327,-88.48705310697814,0.8818925803975214,0.6057704364907278,158,proposed,0.465934
101,-20.510394769925014,-81.39269129353075,1.032998343236255,0.6027415843082742,137,proposed,0.466756
102,-60.48288627195725,-78.13406498856304,1.057655292810226,0.5997278763867329,98,proposed,0.46734400000000004
103,-89.21823202826485,-83.43492506970976,1.0160375907097334,0.5967292370047992,81,proposed,0.46783
104,-85.99352527448272,-79.83885451542218,0.9341636067729885,0.5937455908197752,177,proposed,0.46889200000000003
105,-58.46503668672236,-77.52044152507575,0.8511492297200873,0.5907768628656763,101,proposed,0.469498
106,-132.9763234665964,-85.75305535312512,0.8333285750681265,0.5878229785513479,173,proposed,0.470536
107,-19.629183639439773,-76.41159461837336,0.8894994270423768,0.5848838636585911,142,proposed,0.47138800000000003
108,-58.41368775561129,-71.93244026328162,0.8264636569747738,0.5819594443402982,204,proposed,0.47261200000000003
109,-15.536487113064098,-58.1620292093187,0.8471621403754768,0.5790496471185967,118,proposed,0.47332
110,-106.07240590739158,-64.72981629134554,0.8440373056892598,0.5761543988830038,178,proposed,0.47438800000000003
111,-61.350855474138726,-68.81386236176691,0.9149337423535494,0.5732736268885887,130,proposed,0.47516800000000003
112,-124.7931846777161,-75.24489220234278,0.8955666930288881,0.5704072587541458,111,proposed,0.47583400000000003
113,-2.1589253497404286,-66.53896153449035,0.8421423281176706,0.567555222460375,89,proposed,0.476368
114,5.860114621190192,-57.35359754492306,0.8816433642521377,0.5647174463480732,121,proposed,0.477094
115,-108.96179358433339,-62.403273234684164,0.7846550809245714,0.5618938591163328,142,proposed,0.47794600000000004
116,-54.469751955513544,-54.55261608357588,0.7724574972633962,0.5590843898207511,108,proposed,0.478594
117,-106.37930118819257,-63.22762783845117,0.7433731911787346,0.5562889678716474,201,proposed,0.4798
118,-26.773516472205955,-60.06361071011063,0.785859378999558,0.5535075230322891,138,proposed,0.480628
119,-188.2267705099713,-77.33263904980136,0.7880206572832448,0.5507399854171277,202,proposed,0.48184000000000005
120,-61.90128377785898,-72.91552683684809,0.7472571465529894,0.547986285490042,95,proposed,0.48241
121,-94.37746188228809,-76.21818747766302,0.8900913551791023,0.5452463540625918,131,proposed,0.483196
122,-89.0468236848335,-72.64355137837477,0.8504512794888937,0.5425201222922789,130,proposed,0.483976
123,-84.37254175208486,-80.8649130186092,0.8880387806357481,0.5398075216808175,156,proposed,0.484912
124,-162.50877115387038,-97.70180159611526,0.8104126705659016,0.5371084840724134,267,proposed,0.486514
125,-38.706068971491945,-90.67622913483112,0.8519776876767476,0.5344229416520513,75,proposed,0.486964
126,11.301192561240981,-84.09913468315565,0.8206277525686956,0.531750826943791,91,proposed,0.48751
127,-116.57864565753934,-85.11906913009034,0.8169740381613374,0.5290920728090721,1000,proposed,0.49351
128,-69.43302353664035,-89.38501983653377,0.8249590499060494,0.5264466124450268,210,proposed,0.49477000000000004
129,-31.30201412843644,-73.69254419838029,0.9226165847344832,0.5238143793828016,88,proposed,0.495298
130,-3.6075721840990695,-67.8631730390043,0.8186591453310372,0.5211953074858876,138,proposed,0.496126
131,-92.975877175852,-67.7230145683607,0.8351172553375363,0.5185893309484582,208,proposed,0.497374
132,-64.82846713670449,-65.30117891354779,0.8012791011068556,0.5159963842937159,153,proposed,0.498292
133,-41.00213813290186,-60.96413855162949,0.8317511796423819,0.5134164023722473,113,proposed,0.49897
134,64.581412201799,-38.25512021606255,0.7764857263510464,0.510849320360386,131,proposed,0.49975600000000003
135,31.299223284386926,-31.25459099047466,0.7720601807993192,0.5082950737585841,260,proposed,0.501316
136,43.272459566880784,-28.057464289910683,0.7547204036712647,0.5057535983897912,1000,proposed,0.507316
137,-74.59546024550312,-23.859145748707064,0.7274192443665336,0.5032248303978422,170,proposed,0.508336
138,42.89243822177266,-12.62659957286576,0.7448628410100937,0.500708706245853,1000,proposed,0.514336
139,13.662977094388921,-8.130100450583225,0.8466012286123379,0.4982051627146237,129,proposed,0.51511
140,0.8565171432012164,-7.6836915178531955,0.797544947392504,0.49571413690105054,213,proposed,0.5163880000000001
141,-56.24118335756862,-4.0102221360248596,0.8327296603726977,0.4932355662165453,131,proposed,0.517174
142,-104.14535251955822,-7.941910674310231,0.8567307405173779,0.4907693883854626,128,proposed,0.517942
143,-95.71325448624799,-13.413022309644845,0.9188216176123647,0.4883155414435353,171,proposed,0.518968
144,-11.115689123061543,-20.9827324421309,0.9820056807190652,0.4858739637363176,126,proposed,0.5197240000000001
145,7.16258110064625,-23.39639666050497,0.9558425725058273,0.483444593917636,108,proposed,0.5203720000000001
146,-45.94869085460047,-32.31851170265308,0.8605025617477021,0.4810273709480478,183,proposed,0.52147
147,-337.16083706918835,-58.575049385021615,0.8243070136580253,0.47862223409330756,913,proposed,0.526948
148,-46.9876471428781,-67.56305792148669,0.8159366276943021,0.47622912292284103,72,proposed,0.52738
149,-41.866661733529156,-73.11602180427849,0.8232410904837818,0.4738479773082268,205,proposed,0.52861
150,-79.07007634401482,-81.1086811530001,0.7777838688908201,0.47147873742168567,132,proposed,0.529402
151,15.79065096597104,-73.90549772064614,0.845130136630065,0.46912134373457726,142,proposed,0.530254
152,-48.9841795270181,-68.38938042139213,0.8387175387303744,0.46677573701590436,336,proposed,0.53227
153,-30.297163703303525,-61.847771343097676,0.805409081473753,0.46444185833082485,154,proposed,0.533194
154,-32.028293148154475,-63.939031745606975,0.7939052527759507,0.46211964903917074,171,proposed,0.53422
155,-66.90528468393154,-71.34581832406477,0.7830322306309498,0.4598090507939749,241,proposed,0.535666
156,67.0231538544903,-60.048633853155685,0.7629486319720745,0.457510005540005,1000,proposed,0.541666
157,-64.11485368405675,-32.74403551464251,0.804061698682961,0.45522245551230495,168,proposed,0.542674
158,-10.322503391479302,-29.07752113950263,0.736459495812437,0.4529463432347434,137,proposed,0.543496
159,18.968713633402743,-22.993983602809443,0.7207910539997611,0.4506816115185697,157,proposed,0.544438
160,4.0813641269512075,-14.678839555712841,0.7144020491316915,0.4484282034609769,1000,proposed,0.550438
161,-144.23699400947677,-30.681604053257626,0.7074059572561767,0.446186062443672,129,proposed,0.551212
162,-27.630029341026486,-28.54618903465846,0.7248033570672223,0.4439551321314536,167,proposed,0.552214
163,20.66995955727984,-23.449476708600123,0.7678259829544041,0.4417353564707963,146,proposed,0.55309
164,38.10890907990012,-16.435756485794663,0.7146834289804102,0.43952667968844233,1000,proposed,0.55909
165,-94.7880346917254,-19.224031486574052,0.6891316410016131,0.43732904629000013,189,proposed,0.560224
166,-24.29593396432199,-28.35594026845528,0.738451343602859,0.4351424010585501,156,proposed,0.56116
167,27.984574438394493,-19.145997456210157,0.6682450867667794,0.43296668905325736,1000,proposed,0.56716
168,33.812584929903636,-14.732488624071863,0.6806691380576317,0.43080185560799106,161,proposed,0.568126
169,14.87410640681296,-15.14194934673084,0.6510747568756342,0.4286478463299511,1000,proposed,0.574126
170,-116.84539626085855,-27.234625385511816,0.6260355999811591,0.42650460709830135,551,proposed,0.577432
171,-32.03285736561359,-16.0142117211255,0.6604074235707521,0.42437208406280985,1000,proposed,0.583432
172,-45.37759167794729,-17.788967954817576,0.6266802429484252,0.4222502236424958,312,proposed,0.585304
173,36.64407322669139,-16.19155658787642,0.6142533901929855,0.42013897252428334,1000,proposed,0.591304
174,29.227168736422986,-17.079730622224133,0.5967808840945363,0.4180382776616619,1000,proposed,0.5973040000000001
175,37.60794631406854,-3.8401325216447417,0.5989167274087668,0.4159480862733536,1000,proposed,0.6033040000000001
176,-64.87885418060861,-7.898424543273404,0.5826917115350564,0.41386834584198684,150,proposed,0.604204
177,16.907154989438066,-9.006166488169047,0.5643022256903351,0.4117990041127769,1000,proposed,0.610204
178,-34.5237865457094,-15.839803635730352,0.5671614791285626,0.40974000909221303,196,proposed,0.61138
179,-45.60777748960295,-21.887992025371943,0.540506127211502,0.40769130904675194,236,proposed,0.612796
180,-47.30887523225482,-14.934339922511565,0.5379184720202767,0.40565285250151817,232,proposed,0.6141880000000001
181,-97.94070946786888,-21.525125132737095,0.6398005484978655,0.4036245882390106,134,proposed,0.614992
182,0.31670637846173344,-16.955695327096198,0.5598279922008514,0.4016064652978155,1000,proposed,0.620992
183,23.995196895439307,-18.220582960221403,0.6134078040098151,0.3995984329713264,96,proposed,0.621568
184,-28.176411224607264,-23.96094095632443,0.5737765302349415,0.3976004408064698,112,proposed,0.62224
185,19.651231538419253,-25.75661243388936,0.5407475613449749,0.39561243860243744,133,proposed,0.623038
186,-84.38031222913729,-27.706758238742225,0.5639239338646947,0.3936343764094253,452,proposed,0.62575
187,46.680435979154375,-24.729430139770596,0.5280526063740253,0.39166620452737816,1000,proposed,0.63175
188,31.666556189187588,-18.110395866280896,0.519303491647295,0.3897078735047413,139,proposed,0.632584
189,-67.45320092142393,-20.294938209462995,0.5065857942151551,0.3877593341372176,202,proposed,0.633796
190,-56.7160732962909,-21.2356580158666,0.5083615551322279,0.3858205374665315,355,proposed,0.635926
191,17.6034925509595,-9.681237813983763,0.5513319168950765,0.38389143477919885,131,proposed,0.636712
192,112.43706357354081,1.5307979055241447,0.539583660280332,0.3819719776053028,1000,proposed,0.642712
193,-121.88493991997456,-13.05721577601724,0.5106817153632961,0.3800621177172763,372,proposed,0.644944
194,-78.65908737907094,-18.105483391463608,0.5027080998534248,0.37816180712868996,315,proposed,0.646834
195,-235.92741767438028,-43.663348312743565,0.5055852260644107,0.37627099809304654,421,proposed,0.64936
196,-196.57266749027997,-54.882583838857826,0.5139842031467626,0.3743896431025813,932,proposed,0.654952
197,-84.10746341974149,-67.96137377874742,0.5077930745059643,0.37251769488706843,289,proposed,0.6566860000000001
198,-166.59292615007342,-87.78732201267353,0.4888955408346749,0.3706551064126331,620,proposed,0.660406
199,-41.45495338294505,-85.18749725882563,0.47050927436870077,0.36880183088056995,115,proposed,0.661096
200,5.903527143343616,-78.92553721486219,0.4949499426372349,0.3669578217261671,1000,proposed,0.667096
201,-14.764510820992484,-82.1623375520574,0.4925221005404318,0.36512303261753626,148,proposed,0.667984
202,-103.57725959342208,-103.76376986875366,0.5034590290530639,0.3632974174544486,340,proposed,0.670024
203,-106.26682004067321,-102.20195788082356,0.5249768401074676,0.3614809303671764,358,proposed,0.672172
204,-12.88164975385125,-95.62421411830158,0.46050523427443774,0.3596735257153405,123,proposed,0.67291
205,-149.77115274449355,-87.00858762531288,0.4878256521795107,0.3578751580867638,529,proposed,0.676084
206,87.92095218225595,-58.55922565805929,0.49070547163486483,0.35608578229633,1000,proposed,0.682084
207,-90.03325412207462,-59.15180472829261,0.4718194453528634,0.3543053533848483,459,proposed,0.6848380000000001
208,-73.87925277950458,-49.880437391235716,0.4504296947560162,0.35253382661792404,193,proposed,0.685996
209,-108.52949559766361,-56.58789161270757,0.45772067361547353,0.3507711574848344,439,proposed,0.6886300000000001
210,-91.2817085590204,-66.306415182944,0.4528832122886262,0.34901730169741024,147,proposed,0.689512
211,-98.52926029184432,-74.68289013002916,0.48508011601451373,0.3472722151889232,288,proposed,0.6912400000000001
212,-63.995959874969685,-70.72476015818394,0.48473022005325833,0.3455358541129786,344,proposed,0.693304
213,-42.5131901500813,-64.34939716912473,0.4557824892881844,0.3438081748424137,450,proposed,0.6960040000000001
214,-2.2156538491171105,-63.28279757865132,0.4475969279333949,0.3420891339682016,1000,proposed,0.7020040000000001
215,-8.028035504969353,-49.108485854698905,0.44012120050772296,0.3403786882983606,267,proposed,0.703606
216,7.320673975068565,-57.168513675417636,0.4321933737434447,0.3386767948568688,1000,proposed,0.709606
217,-63.96450817277014,-54.56163908048719,0.4151511643901467,0.33698341088258443,1000,proposed,0.715606
218,-130.48008253973032,-60.22172205650977,0.421301171895774,0.3352984938281715,136,proposed,0.716422
219,87.99359193860671,-40.56941330288274,0.4330734178386629,0.33362200135903064,1000,proposed,0.722422
220,-174.1938647390067,-48.86062892088136,0.4161789317403666,0.33195389135223546,880,proposed,0.7277020000000001
221,-37.247104566425314,-42.73241334833947,0.42885451232641936,0.3302941218954743,1000,proposed,0.7337020000000001
222,87.20565001215049,-27.612252359627444,0.4132581204921007,0.32864265128599696,1000,proposed,0.739702
223,7.5879661570691495,-22.6021367289124,0.3931032953448594,0.326999438029567,1000,proposed,0.745702
224,-99.14472897290824,-32.295044241291514,0.38472205644317026,0.3253644408394192,262,proposed,0.747274
225,-41.61881062859385,-35.65412175365397,0.37558947380529634,0.3237376186352221,109,proposed,0.7479279999999999
226,-65.35861432026813,-42.922050583187634,0.38679263272112413,0.322118930542046,93,proposed,0.748486
227,58.0236353686575,-30.72323622904487,0.39929488307610156,0.32050833588933575,1000,proposed,0.754486
228,13.646737289447008,-16.31055424612714,0.35824921463988724,0.31890579420988907,1000,proposed,0.760486
229,48.98217597014961,-20.211695842972848,0.3785707755871117,0.3173112652388396,1000,proposed,0.766486
230,-138.4850542765293,-16.640814796725106,0.3616655892606591,0.3157247089126454,542,proposed,0.769738
231,-84.252222947805,-21.341326634863073,0.3692680824119433,0.3141460853680822,113,proposed,0.770416
232,-277.62106881780136,-57.823998517858264,0.3890272330335481,0.3125753549412418,687,proposed,0.774538
233,-151.5606681198218,-73.73886194554736,0.44882926864422396,0.31101247816653554,674,proposed,0.7785820000000001
234,24.25805776795134,-61.398583271461405,0.4209777858555317,0.30945741577570285,1000,proposed,0.7845820000000001
235,-202.56973169314534,-77.49367537791655,0.37165835611922765,0.3079101286968243,279,proposed,0.7862560000000001
236,-89.16642944274903,-79.87445689016464,0.3981199414487928,0.3063705780533402,1000,proposed,0.7922560000000001
237,39.280998479062276,-81.74872057912417,0.36124595819703686,0.30483872516307353,149,proposed,0.79315
238,16.68563092984037,-81.44483121508482,0.37377544097043575,0.3033145315372582,1000,proposed,0.79915
239,-173.38572230312687,-103.68162104241249,0.36621217126312267,0.3017979588795719,685,proposed,0.8032600000000001
240,-23.58727242772479,-92.19184285753201,0.34605422147922216,0.30028896908517405,1000,proposed,0.8092600000000001
241,110.53313956762352,-72.71330660598917,0.348821854657524,0.2987875242397482,794,proposed,0.8140240000000001
242,-139.1691623233425,-58.868115956543285,0.3539841644203843,0.29729358661854943,199,proposed,0.815218
243,-89.98827799949379,-52.71087694451048,0.3520477603056601,0.29580711868545667,84,proposed,0.8157220000000001
244,-15.401315154315702,-56.6768142367372,0.3474287399277091,0.2943280830920294,1000,proposed,0.8217220000000001
245,-34.38078466193977,-39.85791953361663,0.3222900676796106,0.29285644267656924,314,proposed,0.8236060000000001
246,60.71645354068664,-24.86963123527306,0.32578289607167243,0.2913921604631864,1000,proposed,0.8296060000000001
247,79.81421968540866,-20.816309114638425,0.31964159781765195,0.28993519966087045,1000,proposed,0.8356060000000001
248,31.429656427231134,-19.341906564899354,0.312745823411271,0.2884855236625661,1000,proposed,0.8416060000000001
249,-173.86297790183113,-19.389632124769776,0.2917882509705589,0.28704309604425327,254,proposed,0.84313
250,-55.34747416925315,-22.56565229892261,0.30089607814859065,0.285607880564032,280,proposed,0.8448100000000001
251,67.58682586030824,-26.860283669654137,0.32433386060222985,0.28417984116121187,1000,proposed,0.85081
252,79.35665112928217,-5.00770232439167,0.31733917249459775,0.2827589419554058,1000,proposed,0.85681
253,-204.6916977195167,-16.47804429639396,0.29352969094669984,0.28134514724562876,997,proposed,0.862792
254,-171.3975512115265,-32.07766790211504,0.29702095228225683,0.2799384215094006,129,proposed,0.8635660000000001
255,30.4464609789711,-25.594943338023953,0.29397837319597603,0.27853872940185365,1000,proposed,0.8695660000000001
256,-146.62210027017187,-46.3287987191098,0.284941235507528,0.27714603575484437,750,proposed,0.874066
257,-208.6373735027936,-75.17395803793002,0.28629756361156344,0.2757603055760701,415,proposed,0.876556
258,-93.73692258888386,-87.69061593954152,0.2808074370581419,0.2743815040481898,141,proposed,0.877402
259,-0.510695427539235,-70.35538769211233,0.2787435738211498,0.2730095965279488,1000,proposed,0.883402
260,-40.80362485303073,-68.9010027604901,0.2830186347644776,0.27164454854530906,1000,proposed,0.889402
261,112.28189424378296,-64.43149592214262,0.28419112916942685,0.2702863258025825,1000,proposed,0.895402
262,235.00328287741416,-48.866832747329426,0.26543317952650197,0.2689348941735696,424,proposed,0.897946
263,119.97131725790382,-16.400531249587374,0.26233666808297856,0.26759021970270175,1000,proposed,0.903946
264,27.893066192424534,3.5285304908077344,0.270780149301514,0.2662522686041882,1000,proposed,0.909946
265,173.04054796315012,17.787939189225632,0.25963605291420416,0.2649210072611673,899,proposed,0.91534
266,-76.25724721804674,24.824424494438137,0.304887371959987,0.26359640222486147,111,proposed,0.916006
267,105.51107936257796,56.239269780975306,0.2467019969150424,0.26227842021373715,1000,proposed,0.922006
268,-11.298920247857225,64.48307001507797,0.2576440439093858,0.2609670281126685,160,proposed,0.922966
269,59.73855243515972,70.50799480134786,0.23840241279173643,0.25966219297210513,1000,proposed,0.928966
270,104.15398495831612,85.00375578248254,0.24406149420887233,0.2583638820072446,1000,proposed,0.934966
271,148.7398627988216,88.64955263798639,0.2241532679796219,0.2570720625972084,1000,proposed,0.940966
272,-85.82665287892232,56.56655906235276,0.2396210789166648,0.25578670228422234,145,proposed,0.941836
273,90.82270378494391,53.65169771505676,0.23369654075801372,0.25450776877280124,1000,proposed,0.947836
274,-100.72903311399942,40.78948778441437,0.22159291798583208,0.2532352299289372,390,proposed,0.950176
275,-49.538534341378394,18.531579553961517,0.2619608695663157,0.2519690537792925,84,proposed,0.95068
276,-53.90322535975287,20.766981739790907,0.2231368091981858,0.2507092085103961,1000,proposed,0.95668
277,-37.48819006358107,6.467054797175004,0.2065216930137134,0.2494556624678441,142,proposed,0.957532
278,212.75482936227831,28.87242975818856,0.2164251513672766,0.24820838415550486,674,proposed,0.961576
279,226.68602084919004,45.5671765995916,0.20943126758354294,0.24696734223472733,578,proposed,0.965044
280,75.42261288790642,42.69403939255062,0.19771579139726236,0.2457325055235537,1000,proposed,0.971044
281,-79.92113229758176,19.827939882910282,0.21050602978141977,0.24450384299593592,1000,proposed,0.977044
282,-102.82858526114411,18.12774664468811,0.20086636318627632,0.24328132378095624,165,proposed,0.978034
283,71.2307683897814,16.168553105171853,0.21590043285209687,0.24206491716205145,1000,proposed,0.984034
284,-78.21569858399093,18.419886558172713,0.2056626962677745,0.2408545925762412,176,proposed,0.98509
285,-134.5990858603192,9.913831406278627,0.20075435340837683,0.23965031961336,86,proposed,0.985606
286,22.36230269312282,17.54038421156619,0.200873120513279,0.2384520680152932,1000,proposed,0.991606
287,217.3749945273047,43.02670267065477,0.19198965609219729,0.23725980767521673,255,proposed,0.993136
288,140.91257809117582,35.84247754354452,0.18626049492973834,0.23607350863684065,1000,proposed,0.999136
289,200.56203951186075,33.23007940981159,0.19807782438032231,0.23489314109365644,304,proposed,1.0
290,-3.9638900948817763,25.29142911153277,0.18320497720593348,0.23371867538818816,133,proposed,1.0
291,136.16982034520626,46.90052437581157,0.1910769972919952,0.23255008201124722,1000,proposed,1.0
292,-33.33543043335206,53.849839858590784,0.19908591924104257,0.231387331601191,128,proposed,1.0
293,-82.53171104304005,38.47359191530864,0.20298116140780442,0.23023039494318503,324,proposed,1.0
294,59.460396505867564,52.24120142429448,0.19101997023448347,0.2290792429684691,1000,proposed,1.0
295,55.340457656693815,71.23515577599579,0.17987001285050064,0.22793384675362674,1000,proposed,1.0
296,-19.414016199382207,67.0575238867453,0.18182382543385028,0.22679417751985861,1000,proposed,1.0
297,-43.14788303157047,41.00523613085777,0.18467122431151395,0.22566020663225933,172,proposed,1.0
298,-126.76449193163923,14.237529128576261,0.1847272610925522,0.22453190559909803,97,proposed,1.0
299,246.83063436440145,18.864388613830332,0.17811131931263655,0.22340924607110255,935,proposed,1.0
300,-125.8268814486679,6.678089478451719,0.17892495874030728,0.22229219984074702,641,proposed,1.0
301,82.03661282590137,1.2647687265212268,0.18314614441990854,0.2211807388415433,1000,proposed,1.0
302,-50.78747616294797,-0.48043584643836396,0.16881871736608445,0.22007483514733558,1000,proposed,1.0
303,-67.85124009138679,0.9876112487269637,0.17368418345134706,0.2189744609715989,1000,proposed,1.0
304,142.93878246742537,9.335449844882744,0.16848894662037492,0.2178795886667409,1000,proposed,1.0
305,100.72460958845078,13.87386503805844,0.1639282005908899,0.2167901907234072,1000,proposed,1.0
306,-73.73753904201409,8.441512753795253,0.16636400084896014,0.21570623976979014,1000,proposed,1.0
307,150.58013028212318,27.814314085164614,0.16750326157471793,0.21462770857094118,664,proposed,1.0
308,86.21503511466402,49.112266789794944,0.16127123474888502,0.21355457002808648,1000,proposed,1.0
309,143.490026279686,38.778205981323396,0.15609639869139486,0.21248679717794605,891,proposed,1.0
310,-141.53124693901356,37.207769432288835,0.1557236766353959,0.21142436319205632,105,proposed,1.0
311,-34.58043100250016,25.546065049448675,0.16739652585928086,0.21036724137609603,135,proposed,1.0
312,51.65020303085599,35.789832968829074,0.16833289932180195,0.20931540516921554,1000,proposed,1.0
313,242.84731571788896,66.85968854975665,0.15974602227556114,0.20826882814336947,954,proposed,1.0
314,-109.40049624814974,41.625760678199136,0.16008243955812365,0.20722748400265262,106,proposed,1.0
315,-4.2128505668582665,31.13201466266823,0.1658634191825986,0.20619134658263935,1000,proposed,1.0
316,313.7488321476709,69.88065178163671,0.1612318278311143,0.20516038984972615,358,proposed,1.0
317,16.439477894607005,56.46658654288511,0.15370285335066727,0.2041345879004775,1000,proposed,1.0
318,-152.79786631616926,32.56529639980179,0.14005850857321286,0.2031139149609751,132,proposed,1.0
319,179.83417013519932,36.19971078535311,0.1618107181491994,0.20209834538617025,752,proposed,1.0
320,-153.4661024871862,35.00622523053586,0.1554549208396904,0.2010878536592394,801,proposed,1.0
321,246.07495078016942,63.071763408802816,0.1596214613100018,0.2000824143909432,695,proposed,1.0
322,139.321573353695,71.83890044108671,0.15367791848643625,0.19908200231898848,964,proposed,1.0
323,94.96996546894778,57.05116541619259,0.1598122293371707,0.19808659230739353,1000,proposed,1.0
324,-88.08161756002735,59.183053285004824,0.15900731473166613,0.19709615934585656,221,proposed,1.0
325,-48.791513378661165,54.725187003824544,0.15594065727340056,0.19611067854912728,1000,proposed,1.0
326,-114.82749954781845,11.867553834275613,0.1564951013152798,0.19513012515638165,90,proposed,1.0
327,174.91348148438962,27.714954193253867,0.16057005825533285,0.19415447453059972,784,proposed,1.0
328,94.89329281612514,52.484070106483315,0.15408246382232754,0.19318370215794672,1000,proposed,1.0
329,130.9650388153038,47.59715697449376,0.15055128391087055,0.192217783647157,1000,proposed,1.0
330,-165.2513992707191,46.41862729614048,0.14781603043892583,0.1912566947289212,293,proposed,1.0
331,250.7422138024166,46.885353598365185,0.15806642250895098,0.1903004112552766,854,proposed,1.0
332,214.20629692172358,54.373825955168044,0.15439031131161962,0.18934890919900021,863,proposed,1.0
333,257.1025705570192,70.5870864639752,0.1518737866468198,0.18840216465300522,422,proposed,1.0
334,216.54262564169443,101.04951078414737,0.14932167585116482,0.18746015382974018,883,proposed,1.0
335,214.51651493227297,127.38031361524077,0.14750825779354376,0.1865228530605915,848,proposed,1.0
336,-34.543932969820744,135.4086702730405,0.1471653248514917,0.18559023879528855,590,proposed,1.0
337,219.7400083633068,139.89132296093226,0.14326469639030556,0.1846622876013121,313,proposed,1.0
338,-77.80396896871528,122.62159678244821,0.1596009449767215,0.18373897616330553,70,proposed,1.0
339,-178.5295947763025,91.67213342328759,0.14153318571993428,0.182820281282489,117,proposed,1.0
340,-43.67046106089625,103.83022724426988,0.15500877453992143,0.18190617987607657,1000,proposed,1.0
341,95.17299778663359,88.27330564269158,0.15877294632513075,0.18099664897669618,1000,proposed,1.0
342,-48.11232935385523,62.0414430151337,0.14933450703974813,0.1800916657318127,1000,proposed,1.0
343,215.3821554413415,57.86940150356594,0.1526754414545377,0.17919120740315364,754,proposed,1.0
344,-44.82905085752094,31.732233853644395,0.15062788559330834,0.17829525136613786,315,proposed,1.0
345,61.14102593607934,16.394684954025028,0.13508593621011825,0.17740377510930716,1000,proposed,1.0
346,-39.39596880350854,15.909481370656247,0.15530477540151585,0.17651675623376062,103,proposed,1.0
347,5.37167359678871,-5.5273521059955595,0.15481749164133235,0.1756341724525918,145,proposed,1.0
348,-82.55423626516874,-6.002378835640908,0.13423113859025762,0.17475600159032884,1000,proposed,1.0
349,198.94567656188502,31.745148298177845,0.14645279212302323,0.17388222158237718,826,proposed,1.0
350,94.6996056480846,45.58215496907593,0.14511285112565384,0.1730128104744653,1000,proposed,1.0
351,-31.025032432899707,32.9623519471226,0.16563192196190357,0.17214774642209296,128,proposed,1.0
352,234.6740471604064,61.240989598548765,0.14450003041876433,0.1712870076899825,398,proposed,1.0
353,-68.88457660383405,32.81431639403121,0.14303027084905262,0.17043057265153258,438,proposed,1.0
354,118.20024477324311,49.11724595710761,0.14234121798397972,0.16957841978827493,1000,proposed,1.0
355,-142.23483155553092,28.7796602079466,0.13459264558569164,0.16873052768933355,867,proposed,1.0
356,228.07952196399896,55.52720928469735,0.1403242985823511,0.1678868750508869,697,proposed,1.0
357,220.1856623294886,77.00860815796734,0.1325651173455778,0.16704744067563246,909,proposed,1.0
358,83.85846512581924,93.64987829706612,0.1381673471205868,0.1662122034722543,1000,proposed,1.0
359,-14.958242826082795,72.25948635826936,0.12312665452382394,0.16538114245489302,350,proposed,1.0
360,197.3175776466428,82.52128355812518,0.12421274995395439,0.16455423674261854,779,proposed,1.0
361,245.38808894863251,110.16259569627839,0.137004041386054,0.16373146555890544,266,proposed,1.0
362,-17.084939292205902,84.98669705101716,0.13665869405985565,0.16291280823111093,87,proposed,1.0
363,119.78637811901316,103.85379252330185,0.1440770269741748,0.16209824418995536,951,proposed,1.0
364,-66.15895151038791,85.41787289493877,0.12804287309421503,0.16128775296900558,94,proposed,1.0
365,-115.65186494162168,88.07616955632969,0.13781665923864875,0.16048131420416054,73,proposed,1.0
366,-88.09530173551629,56.45868718637818,0.13164182363558877,0.15967890763313974,153,proposed,1.0
367,-133.60112758104657,21.080008195324673,0.1260175742674619,0.15888051309497406,120,proposed,1.0
368,265.62884425270113,39.25704610801285,0.13873207455782113,0.1580861105294992,636,proposed,1.0
369,84.22457039452028,49.17532743007316,0.13624186660451656,0.1572956799768517,936,proposed,1.0
370,-128.12970431811965,16.630599233596918,0.13490352266533084,0.15650920157696743,215,proposed,1.0
371,-134.97957315791848,-21.406166977058188,0.12868418057974523,0.1557266555690826,156,proposed,1.0
372,-160.75284011390733,-35.77295705922833,0.1352579417902775,0.1549480222912372,518,proposed,1.0
373,258.61901563066215,-21.889693308063432,0.12932442155267512,0.15417328217978102,357,proposed,1.0
374,-60.22127364866411,-21.295925521891053,0.1386671453367689,0.1534024157688821,227,proposed,1.0
375,-152.73793122179183,-25.004532149908066,0.14291654563889714,0.1526354036900377,203,proposed,1.0
376,-59.24688817845788,-22.119690794202228,0.12985630790982394,0.1518722266715875,1000,proposed,1.0
377,-188.90248192841233,-27.649826228938803,0.14519121016769168,0.15111286553822956,187,proposed,1.0
378,-8.732260535687658,-55.085936707777684,0.12341824370937851,0.15035730121053842,156,proposed,1.0
379,-143.40779849201675,-77.84917359643138,0.11674169044454175,0.14960551470448571,128,proposed,1.0
380,-164.05918496741313,-81.44212166136074,0.14309193874741422,0.14885748713096328,87,proposed,1.0
381,66.71622324527821,-61.272542021041055,0.1373054964095354,0.14811319969530845,1000,proposed,1.0
382,89.72276807589519,-36.22498120206081,0.13372328850161283,0.1473726336968319,1000,proposed,1.0
383,257.7047721771983,-36.3164055474072,0.13442834335620757,0.14663577052834775,702,proposed,1.0
384,265.56385519291723,-3.737892663249062,0.13473441619081078,0.14590259167570602,432,proposed,1.0
385,220.18775653606897,33.55467611253702,0.11997554605538376,0.1451730787173275,478,proposed,1.0
386,4.197847257906746,39.89914965617348,0.12469820318557322,0.14444721332374086,1000,proposed,1.0
387,215.8425104455894,80.37364889357366,0.13728989447887,0.14372497725712216,958,proposed,1.0
388,-373.7730989555144,43.86956505159098,0.12353380183959681,0.14300635237083656,310,proposed,1.0
389,87.99523188188121,67.00986808898077,0.12961931648137776,0.14229132060898236,69,proposed,1.0
390,254.06189840928346,108.82197642665044,0.12222433057169264,0.14157986400593744,482,proposed,1.0
391,100.32254558710042,112.18260866083267,0.13566992588015273,0.14087196468590776,1000,proposed,1.0
392,-146.9542301412047,88.51490883912267,0.12419017420939193,0.14016760486247823,353,proposed,1.0
393,-273.7841772215654,35.3660138992463,0.1244894139316732,0.13946676683816583,331,proposed,1.0
394,-78.78494509216415,0.9311338707381595,0.11660368992213874,0.138769433003975,94,proposed,1.0
395,-137.31457903895742,-34.81909968676449,0.14898876797718305,0.13807558583895513,60,proposed,1.0
396,269.5426635741198,-8.28461805514318,0.13313540514438085,0.13738520790976036,603,proposed,1.0
397,-64.07610570233102,-36.27647966993522,0.12333335682009179,0.13669828187021155,332,proposed,1.0
398,165.10262029325042,17.61109225494126,0.12415431578861832,0.13601479046086049,653,proposed,1.0
399,256.9847905091257,34.510048117665704,0.11824940643385652,0.1353347165085562,373,proposed,1.0
400,-171.0145755648689,-7.997599279749528,0.11071671458500389,0.1346580429260134,76,proposed,1.0
401,-45.96169570122916,-22.626023408582487,0.12863749045845088,0.13398475271138335,111,proposed,1.0
402,-156.6791432844548,-23.5985147229075,0.12696055678698498,0.13331482894782642,78,proposed,1.0
403,-94.38013338629995,-5.6581103393809515,0.1407330106420998,0.13264825480308728,57,proposed,1.0
404,190.3073367369292,21.251117843528384,0.12788249181665637,0.13198501352907185,431,proposed,1.0
405,238.9085436230082,58.87343010972495,0.12259077205497175,0.1313250884614265,443,proposed,1.0
406,-156.08063652671962,16.311100099641003,0.14431411506314026,0.13066846301911936,95,proposed,1.0
407,206.1928848958911,43.337999159463216,0.12453443807600477,0.13001512070402377,349,proposed,1.0
408,-193.91994998838135,7.435742131300043,0.14937225249649463,0.12936504510050365,87,proposed,1.0
409,-26.35333294408173,-20.898070214020702,0.12625965665094555,0.12871821987500112,1000,proposed,1.0
410,-174.01072389647638,-21.19768504718145,0.13554691701707705,0.12807462877562611,71,proposed,1.0
411,10.203166929046446,-15.581198784153889,0.1314726968133903,0.12743425563174798,92,proposed,1.0
412,-14.643440295838943,-1.3776284852922998,0.13000795151176,0.12679708435358925,108,proposed,1.0
413,206.18277463945066,28.67866231728276,0.1327811960532802,0.1261630989318213,730,proposed,1.0
414,193.7959499909395,29.027523642683786,0.12977467709402302,0.1255322834371622,683,proposed,1.0
415,-24.25630195425073,2.711039084957899,0.13971752275871793,0.12490462201997637,82,proposed,1.0
416,-157.3830593131459,2.5807968063152655,0.14273887503147126,0.1242800989098765,125,proposed,1.0
417,-114.17018531538397,-29.45551021481224,0.12096072276364322,0.12365869841532712,108,proposed,1.0
418,-130.77710759958865,-23.141225975932972,0.10484777364763431,0.12304040492325048,64,proposed,1.0
419,-22.091366568267084,-22.715029338351506,0.13166663017962127,0.12242520289863423,1000,proposed,1.0
420,272.4624685385161,21.93228990514774,0.14748713053466583,0.12181307688414106,440,proposed,1.0
421,-3.574520238951507,20.554521188347945,0.11770553220497462,0.12120401149972035,103,proposed,1.0
422,-175.75884081767776,4.4429811361640645,0.14011540154793434,0.12059799144222175,70,proposed,1.0
423,-92.98146167929973,-25.473442495710977,0.13570858405623584,0.11999500148501063,1000,proposed,1.0
424,-50.63029488536079,-49.916066983341004,0.12924165050964803,0.11939502647758558,1000,proposed,1.0
425,-121.52538906937983,-59.64297569485392,0.12112049318029214,0.11879805134519765,118,proposed,1.0
426,89.79232277464423,-34.9254374860749,0.13006689194589854,0.11820406108847166,1000,proposed,1.0
427,-104.44399018689784,-33.95281797322629,0.12877669176179915,0.1176130407830293,1000,proposed,1.0
428,167.2113913606718,-4.153968077200244,0.13150715494994075,0.11702497557911415,1000,proposed,1.0
429,223.9579990502067,20.450968484647138,0.13107617906514246,0.11643985070121858,471,proposed,1.0
430,-166.09393455713217,-23.40467182491769,0.11554644191089798,0.11585765144771248,85,proposed,1.0
431,-36.73316177835666,-26.72053597885821,0.15647217697512947,0.11527836319047392,76,proposed,1.0
432,-175.9087984587104,-26.735531742961474,0.125973842902617,0.11470197137452155,55,proposed,1.0
433,185.53652540436516,1.1162669654050177,0.13330459501344621,0.11412846151764894,373,proposed,1.0
434,-140.84179479609696,-7.904883025668598,0.12385726435663733,0.1135578192100607,74,proposed,1.0
435,-149.25947261605833,-10.678291380336447,0.1398928898499545,0.11299003011401039,66,proposed,1.0
436,225.76004195524533,2.9184805377236644,0.14349450233490452,0.11242507996344034,304,proposed,1.0
437,248.00451722731646,38.16333127914508,0.13682159865471244,0.11186295456362313,973,proposed,1.0
438,220.1940421522465,43.461596358302565,0.1277887892188891,0.11130363979080501,424,proposed,1.0
439,223.891623210779,43.45495877435979,0.12802911246213697,0.11074712159185099,408,proposed,1.0
440,2.230036262402365,60.28735585631324,0.13334999286721205,0.11019338598389174,719,proposed,1.0
441,-11.821525827161608,62.77851945143275,0.1373527151653948,0.10964241905397228,92,proposed,1.0
442,-138.8888200924182,66.48051728806198,0.12329064897800747,0.10909420695870241,114,proposed,1.0
443,-92.41922628108257,38.684942119517196,0.13202840351732448,0.1085487359239089,112,proposed,1.0
444,-93.00176614625816,43.46894498450108,0.12934864779468624,0.10800599224428936,1000,proposed,1.0
445,-99.2259986658947,48.472292379517434,0.10174330749179956,0.10746596228306791,106,proposed,1.0
446,-104.1778104603455,15.47850713795836,0.1219763613693325,0.10692863247165257,654,proposed,1.0
447,84.24597974751464,-0.8973466100218218,0.12869410329381936,0.1063939893092943,1000,proposed,1.0
448,-3.17046586527711,-23.233797411774187,0.12833488598745316,0.10586201936274783,1000,proposed,1.0
449,-291.37799811699654,-74.76075954455173,0.1347398685404297,0.10533270926593409,66,proposed,1.0
450,-111.9813642269327,-86.18189959348526,0.1312624348688725,0.10480604571960442,691,proposed,1.0
451,-235.9354520967329,-108.5932922204424,0.13674763919297547,0.1042820154910064,187,proposed,1.0
452,-99.83009340675349,-104.6874195518759,0.13660730499435556,0.10376060541355137,55,proposed,1.0
453,241.53598009078507,-71.29189891468914,0.12812522639989776,0.1032418023864836,383,proposed,1.0
454,-108.87802992870127,-72.87952529293344,0.13089833298698067,0.10272559337455119,100,proposed,1.0
455,-118.16723021453419,-74.77364844779738,0.13798941898918182,0.10221196540767843,97,proposed,1.0
456,-60.40153706699531,-70.39602110846236,0.13144992799661123,0.10170090558064004,1000,proposed,1.0
457,-137.2535255837493,-92.54597164158876,0.13411531518213451,0.10119240105273684,80,proposed,1.0
458,-27.994073412522397,-95.0283323963133,0.13191007894743234,0.10068643904747315,1000,proposed,1.0
459,-115.87847038806513,-77.47837962342015,0.12037210024619868,0.10018300685223579,109,proposed,1.0
460,-57.390974551170274,-72.01934065584393,0.12343427939201469,0.0996820918179746,134,proposed,1.0
461,-147.75596244977297,-63.20139169114792,0.14864331856369972,0.09918368135888474,67,proposed,1.0
462,-113.10636724176777,-64.52901907464936,0.1361307667315696,0.09868776295209031,929,proposed,1.0
463,-135.69832855749905,-102.25244993947777,0.12998359518436095,0.09819432413732986,72,proposed,1.0
464,-36.7202635599866,-95.0366733026063,0.13333525968668983,0.09770335251664321,1000,proposed,1.0
465,-168.82947274735184,-100.10289755588806,0.12652500205888198,0.09721483575406,65,proposed,1.0
466,-37.53109991208895,-97.81585384039742,0.12054454554217281,0.09672876157528969,162,proposed,1.0
467,-154.5765203181678,-99.54815331383928,0.11581725664436818,0.09624511776741324,60,proposed,1.0
468,-136.7221867354203,-110.42096464612908,0.11994104469860238,0.09576389217857617,56,proposed,1.0
469,-154.03770328214574,-114.23688793553713,0.13723916832644206,0.09528507271768329,78,proposed,1.0
470,-50.067561071273914,-113.5045465875475,0.13398834088537842,0.09480864735409487,1000,proposed,1.0
471,-150.13509225290395,-113.7424595678606,0.17560779006668814,0.0943346041173244,54,proposed,1.0
472,-256.8775102576392,-128.11957386944772,0.13168403239850002,0.09386293109673778,79,proposed,1.0
473,-165.86993146709528,-131.13673416040734,0.12267064138808671,0.09339361644125409,85,proposed,1.0
474,-98.36290863854256,-137.30099866826296,0.12556985793290315,0.09292664835904782,54,proposed,1.0
475,-149.36518607919356,-135.35457000144714,0.17362664217830864,0.09246201511725258,77,proposed,1.0
476,180.16767757138138,-113.58469225310012,0.1492418182381728,0.09199970504166631,666,proposed,1.0
477,-193.46982766187367,-117.4740229874707,0.11840379892715386,0.09153970651645797,70,proposed,1.0
478,-135.7693124971085,-117.37873556363952,0.13411722111556193,0.09108200798387568,92,proposed,1.0
479,-151.68291056971213,-117.1432562923961,0.11516149494458329,0.0906265979439563,88,proposed,1.0
480,-163.01218290760295,-128.43771847602903,0.13974685576578524,0.09017346495423652,73,proposed,1.0
481,183.99397799556863,-95.02481145118179,0.14838488608824485,0.08972259762946533,462,proposed,1.0
482,-223.53295269472812,-91.69035569489068,0.17423522096695537,0.089273984641318,59,proposed,1.0
483,-215.97059128524018,-96.70042167670515,0.16160744984374673,0.0888276147181114,61,proposed,1.0
484,-133.01467933974905,-100.16559874682582,0.14399484888865396,0.08838347664452084,78,proposed,1.0
485,-186.65977519406158,-103.89505765831261,0.1556274515308746,0.08794155926129824,73,proposed,1.0
486,-77.08244081108026,-129.62006949655878,0.1520414583917175,0.08750185146499175,63,proposed,1.0
487,-151.76022561091588,-125.44910929146299,0.16773988914621227,0.08706434220766679,68,proposed,1.0
488,-188.85563641289116,-130.75774168304127,0.16290828895390683,0.08662902049662846,92,proposed,1.0
489,-357.6917456158028,-151.35862518765032,0.15818169406107205,0.08619587539414532,88,proposed,1.0
490,42.51692726516697,-130.80571417037336,0.13629354968121865,0.08576489601717459,82,proposed,1.0
491,-107.43169191748196,-159.94828116167838,0.22322770646005347,0.08533607153708872,57,proposed,1.0
492,-205.83306808024764,-158.17829270023034,0.1679077481564421,0.08490939117940327,52,proposed,1.0
493,-182.18224564747948,-154.79945813645426,0.1497303161211312,0.08448484422350626,100,proposed,1.0
494,-101.29123099965854,-151.62711330244525,0.16512281410920787,0.08406242000238873,71,proposed,1.0
495,-100.62195802671253,-143.02333158571034,0.17431035685268315,0.08364210790237678,55,proposed,1.0
496,-252.40367569184653,-160.55545507378696,0.17004949355632373,0.0832238973628649,97,proposed,1.0
497,-132.0356964621732,-158.5830021589127,0.15271773444754735,0.08280777787605056,70,proposed,1.0
498,-138.1654041675471,-153.5139789343783,0.15462155717931972,0.08239373898667031,79,proposed,1.0
499,-96.65085861946149,-127.40989023474417,0.16057294131866817,0.08198177029173696,58,proposed,1.0
500,-119.35842034880439,-143.5974249961413,0.17125498234795836,0.08157186144027828,52,proposed,1.0
